Métrique,Femmes,Hommes,Total
MAE,1.67560,1.22412,1.41360
RMSE,1.87714,1.47946,1.63343
MAPE (%),701.7,439.7,529.1
R²,0.3801,0.5920,0.4978
