Métrique,Femmes,Hommes,Total
MAE,1.675604,1.224119,1.413599
RMSE,1.877143,1.479458,1.633434
MAPE (%),29.401,23.475,26.451
R²,0.3801,0.5920,0.4978
